{
  "project_info": {
    "project_number": "511744217699",
    "firebase_url": "https://rec-d-82ac2.firebaseio.com",
    "project_id": "rec-d-82ac2",
    "storage_bucket": "rec-d-82ac2.appspot.com"
  },
  "client": [
    {
      "client_info": {
        "mobilesdk_app_id": "1:511744217699:android:3534dd0d3f519446",
        "android_client_info": {
          "package_name": "com.recd.app"
        }
      },
      "oauth_client": [
        {
          "client_id": "511744217699-3cdrtlvgv9b0g8a4aabo4gm0bgdilrpm.apps.googleusercontent.com",
          "client_type": 3
        }
      ],
      "api_key": [
        {
          "current_key": "AIzaSyCdspcBhzoaVmEVJXv-IqBqNRWxxqMOTIM"
        }
      ],
      "services": {
        "analytics_service": {
          "status": 1
        },
        "appinvite_service": {
          "status": 1,
          "other_platform_oauth_client": []
        },
        "ads_service": {
          "status": 2
        }
      }
    }
  ],
  "configuration_version": "1"
}